{
    "mae": 15.464731119145322,
    "rmse": 18.289929256214634,
    "r2": -0.014752566808019285,
    "best_params": {
        "lr": 0.006592415258611269,
        "units": 52,
        "dropout": 0.5
    }
}